{
  "train_loss": [
    30540.67466905382,
    460.02137660980225,
    8.348456859588623,
    7.794389300876194,
    7.39379686779446,
    7.3930684725443525,
    7.215147495269775,
    7.350679503546821,
    7.701755046844482,
    7.272995524936253,
    7.646550920274523,
    7.186782360076904,
    7.164326932695177,
    7.043155988057454,
    7.068057378133138,
    7.1289089520772295,
    6.988431930541992,
    7.176544189453125,
    6.868268118964301,
    7.123534043629964,
    6.716543356577556,
    6.802123917473687,
    6.845962312486437,
    6.870045767890082,
    6.730683008829753,
    6.7541291448805065,
    6.551397429572211,
    6.480903996361627,
    7.0149323675367565,
    6.582283390892877,
    6.74660751554701,
    6.681953483157688,
    6.807812107933892,
    6.7026351822747126,
    6.6454680230882435,
    6.586188051435682,
    6.463687419891357,
    6.632933775583903,
    6.48711797926161,
    6.453905423482259,
    6.525643666585286,
    6.482187165154351,
    6.63524235619439,
    6.435686111450195,
    6.389501942528619,
    6.60513162612915,
    6.624781237708198,
    6.476907995012072,
    6.502001656426324,
    6.336093213823107,
    6.397656546698676,
    6.521420584784614,
    6.227739069196913,
    6.361727449629042,
    6.3713573879665795,
    6.328553040822347,
    6.415903833177355,
    6.330910841623942,
    6.248347706264919,
    6.1459048059251575,
    6.394386450449626,
    6.313003169165717,
    6.659154415130615,
    6.283644676208496,
    6.196615219116211,
    6.41773960325453,
    6.2678722805447045,
    6.497109042273627,
    6.344450950622559,
    6.232177628411187,
    6.215127203199598,
    6.293564849429661,
    6.070414914025201,
    6.238695197635227,
    6.448299196031359,
    6.108378092447917,
    6.161828676859538,
    6.151816527048747,
    6.141220304701063,
    6.364217069413927,
    6.269330342610677,
    6.324509302775065,
    6.341186947292751,
    6.278509881761339,
    7.321948369344075,
    6.170436011420356,
    6.732359462314182,
    6.111013518439399,
    6.312677330440945,
    6.285813013712565,
    6.152018811967638,
    6.068100876278347,
    6.065083556705051,
    6.401818169487847,
    6.027619361877441,
    6.199675189124213,
    6.101588937971327,
    6.221276336246067,
    6.111429426405165,
    6.058460765414768
  ],
  "val_loss": [
    2535.1527709960938,
    8.956733385721842,
    6.641554673512776,
    6.896385669708252,
    6.612541039784749,
    6.726412773132324,
    6.66029691696167,
    6.882889111836751,
    6.584115823109944,
    6.6747786204020185,
    6.566901206970215,
    6.76681121190389,
    6.804695765177409,
    6.573464711507161,
    6.669851303100586,
    6.6173170407613116,
    6.855138460795085,
    6.585307439168294,
    6.547969500223796,
    6.815545082092285,
    6.681131203969319,
    6.4774603843688965,
    6.869999408721924,
    6.459775606791179,
    6.523814837137858,
    6.542390028635661,
    6.535889307657878,
    6.337291240692139,
    6.913041591644287,
    6.41287358601888,
    6.470506509145101,
    6.40045166015625,
    6.514692306518555,
    6.32887617746989,
    6.51800012588501,
    6.37154754002889,
    6.283593813578288,
    6.49865182240804,
    6.357135772705078,
    6.416975975036621,
    6.251901626586914,
    6.545411268870036,
    6.258669853210449,
    6.143389542897542,
    6.417394955952962,
    6.244168122609456,
    6.310036977132161,
    6.388909498850505,
    6.2813765207926435,
    6.177678902943929,
    6.405718962351481,
    6.291225115458171,
    6.28529421488444,
    6.269669532775879,
    6.324416796366374,
    6.183777809143066,
    6.309573173522949,
    6.224607626597087,
    6.191099802652995,
    6.114014148712158,
    6.188756783803304,
    6.287994225819905,
    6.2765703201293945,
    6.156431516011556,
    6.170072555541992,
    6.247992038726807,
    6.185888926188151,
    6.1679714520772295,
    6.213090896606445,
    6.144309997558594,
    6.1151227951049805,
    6.161193211873372,
    6.1630659103393555,
    6.1598842938741045,
    6.171219825744629,
    6.19701623916626,
    6.192217667897542,
    6.188839594523112,
    6.18986177444458,
    6.190291404724121,
    6.195087273915608,
    6.178663571675618,
    6.174821694691976,
    6.1883212725321455,
    6.188195864359538,
    6.189260164896647,
    6.190876642862956,
    6.194493929545085,
    6.191134611765544,
    6.187232653299968,
    6.181097507476807,
    6.177876790364583,
    6.178507963816325,
    6.178325017293294,
    6.177052815755208,
    6.176515102386475,
    6.17773453394572,
    6.178826808929443,
    6.180897871653239,
    6.18259334564209
  ],
  "val_rmse": [
    435.5577662128565,
    432.3742953159912,
    432.6246990271514,
    431.20183909819616,
    430.5209296112482,
    428.9621923899588,
    427.82898525579117,
    426.042660960535,
    425.36482503258304,
    423.4591246015763,
    422.56826371605337,
    420.08517861460746,
    418.2874808868497,
    417.4995259478346,
    415.1190215869821,
    413.5810014878182,
    410.8164698195534,
    411.11349684930883,
    410.15989641236257,
    407.78268569177874,
    407.7726848380112,
    407.31205405069954,
    404.0237236485419,
    405.4702099363569,
    404.2580910342632,
    403.01911400081264,
    402.07668604177155,
    401.8655066271136,
    397.0067793029484,
    399.09751379936375,
    397.34938184172375,
    396.59545272859594,
    394.91049552926125,
    395.44057378553526,
    392.29728709020327,
    391.78894921777294,
    392.32474856084895,
    388.4932834039734,
    388.08521333915826,
    386.5225777687508,
    386.7433136138232,
    382.19930310201596,
    383.03150368148573,
    382.8757447756387,
    378.6458190050433,
    378.7779039501029,
    377.01681273297794,
    374.69454226075936,
    375.04320931616223,
    373.32335249865275,
    370.15383555917214,
    369.5533727521642,
    369.34764422108697,
    368.2387982002983,
    367.7435771589582,
    368.2505692742828,
    366.1980018548709,
    366.7378754244417,
    366.7851004278027,
    367.66122455552295,
    365.7780342126903,
    363.76255347753977,
    363.84315459526425,
    364.75386249954,
    363.8922974819152,
    362.21379865695343,
    362.6880474893909,
    362.7003505248283,
    361.95358962395534,
    362.72991272203257,
    363.0169123413307,
    362.1578377988894,
    361.8504921177161,
    361.7684032695043,
    361.4377575795958,
    360.83338505580844,
    360.70668124645726,
    360.6787510490926,
    360.63890787739473,
    360.61027555150633,
    360.4686872381104,
    360.6147456658791,
    360.5826087158577,
    360.3362109139648,
    360.2996763401729,
    360.2512433473802,
    360.17722417235103,
    360.0903604768299,
    360.1029981419668,
    360.1028824343121,
    360.16303816813297,
    360.1973200552719,
    360.1876319480353,
    360.17381148435356,
    360.1701999286819,
    360.1615016789922,
    360.1371049683717,
    360.1109348751669,
    360.0773209788883,
    360.05191682936504
  ],
  "best_epoch": 99,
  "best_rmse": 360.05191682936504
}