{
  "train_loss": [
    15000.049696180555,
    418.23383744557697,
    8.26774173312717,
    7.412144025166829,
    7.62013037999471,
    6.692934354146321,
    7.33260891172621,
    6.5436099370320635,
    6.634335464901394,
    6.682608975304498,
    20.11802609761556,
    6.575503614213732,
    6.055685520172119,
    6.363790247175428,
    6.331062210930718,
    6.060360590616862,
    5.990857124328613,
    5.889902697669135,
    5.885626686943902,
    5.929701699150933,
    5.790540907118055,
    5.807763364579943,
    5.808359516991509,
    5.409593211279975,
    5.683383835686578,
    5.604505009121365,
    5.416184425354004,
    6.250908162858751,
    5.442939811282688,
    5.5496326022677955,
    5.684672779507107,
    5.6263993581136065,
    5.340878751542833,
    5.614886813693577,
    5.788452254401313,
    5.4643785158793134,
    5.546676953633626,
    5.532235781351726,
    5.398472785949707,
    5.462820159064399,
    5.270853678385417,
    5.36392879486084,
    5.131191121207343,
    5.133085250854492,
    5.132842911614312,
    5.16578041182624,
    5.302211761474609,
    5.297677675882976,
    5.405070516798231,
    5.366764386494954,
    5.387552791171604,
    5.236080805460612,
    5.406522750854492,
    5.249427848392063,
    4.929869863722059,
    5.086511717902289,
    5.146286699506971,
    5.209108193715413,
    5.284591462877062,
    4.979662312401666,
    4.904272185431586,
    4.837431059943305,
    5.037812127007379,
    5.2070156998104515,
    4.830425103505452,
    4.83369419309828,
    4.883114655812581,
    5.073039213816325,
    4.944100538889567,
    4.864471038182576,
    4.891493002573649,
    4.9063998858133955,
    4.908791700998942,
    4.923560566372341,
    4.6951751708984375,
    4.525765339533488,
    4.683004697163899,
    4.482121547063191,
    4.774645355012682,
    4.591459857092963,
    4.552344004313151,
    4.560153272416857,
    4.557995796203613,
    4.520690335167779,
    4.657740778393215,
    4.972673257191976,
    4.6668877601623535,
    4.501862314012316,
    4.426500744289822,
    4.62161291970147,
    4.964980761210124,
    4.798470497131348,
    4.495700279871623,
    4.402933677037557,
    4.419184578789605,
    4.617188135782878,
    4.576958656311035,
    4.500899261898464,
    4.395899719662136,
    4.494281477398342
  ],
  "val_loss": [
    2945.110107421875,
    7.6656904220581055,
    7.462099552154541,
    6.1484940846761065,
    6.7849494616190595,
    6.076965967814128,
    6.280044714609782,
    6.046046733856201,
    6.118591944376628,
    6.154262701670329,
    5.985315799713135,
    6.2305552164713545,
    5.942355632781982,
    6.507188638051351,
    5.929676691691081,
    5.986399332682292,
    6.528399308522542,
    5.9444559415181475,
    5.780798117319743,
    5.949812571207683,
    6.102484544118245,
    5.677881558736165,
    5.954303900400798,
    5.693363666534424,
    5.600958347320557,
    5.856877168019612,
    5.933095773061116,
    5.5653502146403,
    5.810196081797282,
    5.528776963551839,
    5.637025515238444,
    5.552180131276448,
    5.524229208628337,
    5.960578282674153,
    5.565557797749837,
    5.757155577341716,
    5.477968692779541,
    5.801004568735759,
    5.476813793182373,
    5.6554023424784345,
    5.663791974385579,
    5.536520004272461,
    5.504066626230876,
    5.50068728129069,
    5.347012996673584,
    5.6544192632039385,
    5.653726100921631,
    5.419786771138509,
    5.358340422312419,
    5.702391942342122,
    5.292611916859944,
    5.710018952687581,
    5.385977268218994,
    5.50356388092041,
    5.457863489786784,
    5.180071830749512,
    5.5221686363220215,
    5.194201628367106,
    5.3163533210754395,
    5.362205823262532,
    5.039125919342041,
    5.056644280751546,
    5.169349670410156,
    4.948618729909261,
    5.021699905395508,
    5.131141026814778,
    4.826971848805745,
    5.339400132497151,
    4.757075945536296,
    5.010521252950032,
    4.895360787709554,
    4.658029079437256,
    5.045188903808594,
    4.653355121612549,
    4.625472704569499,
    4.868466695149739,
    4.505187352498372,
    4.681474844614665,
    4.374981085459392,
    4.435971577962239,
    4.395727793375651,
    4.6018548011779785,
    4.381021976470947,
    4.369123299916585,
    4.918039639790853,
    4.5258480707804365,
    4.511450290679932,
    4.504031181335449,
    4.5532073974609375,
    4.3492506345113116,
    5.3649312655131025,
    4.192618370056152,
    4.535502274831136,
    4.186557451883952,
    4.455822308858235,
    4.521267890930176,
    3.9779796600341797,
    4.697848637898763,
    4.036067406336467,
    4.352145512898763
  ],
  "val_rmse": [
    259.5709751606164,
    257.08073168591744,
    256.16940805841745,
    256.3461074854008,
    253.79417205844845,
    253.86990957886943,
    251.6882630772308,
    250.70488647843837,
    248.5168164791201,
    246.39965577204717,
    245.3007613964267,
    242.13259861592365,
    242.73474999300504,
    236.47482137816138,
    237.38691935143913,
    234.1847144216505,
    228.08457404363554,
    228.06128391015866,
    225.64813477883362,
    222.15955051587736,
    217.88982367338008,
    218.7739094076348,
    212.69127727079768,
    212.61876583061368,
    210.28732514011236,
    203.60819771581725,
    199.38545721008592,
    200.50771331536933,
    194.0128559690053,
    196.3816238539136,
    191.8250443926705,
    191.05334899304523,
    189.52250855769086,
    181.71035467136062,
    191.17461579393415,
    181.83632893575842,
    185.49665877494039,
    176.66640010789638,
    184.25339386573498,
    176.8347366569749,
    173.0580195339124,
    170.31265290513014,
    165.92293760646336,
    161.78955877350367,
    163.98318717808644,
    154.1130178330987,
    152.21784220115262,
    155.6841106783487,
    155.758109071941,
    147.55003785792465,
    153.98956184186642,
    146.829090785994,
    150.9537905287575,
    147.34351029496233,
    146.53833311770907,
    148.26401704392066,
    133.08356162576953,
    133.624147370214,
    129.95851576681113,
    121.86130799157158,
    119.93387663885879,
    117.17281157946796,
    117.06716460496442,
    123.29910226677104,
    107.05055482837302,
    97.29462042714643,
    98.01904776092417,
    89.77096055001816,
    93.83388261199505,
    85.05114691258333,
    91.62981562777023,
    95.18112188633661,
    80.73790745691167,
    80.70677982608296,
    78.65547195350852,
    69.57650797675593,
    74.46722769985521,
    60.097063687022874,
    62.048783993339335,
    59.412788824557445,
    56.15343671943549,
    51.53647109756453,
    56.3507828331733,
    52.648362338881405,
    46.80940625468364,
    57.099810388075426,
    50.3574127468309,
    43.66338396230546,
    40.72874423667337,
    58.25971242459814,
    41.98662027048952,
    36.34640913922696,
    35.960688450429004,
    37.55322164572978,
    39.672812704307894,
    32.89825012061872,
    34.351093723111035,
    31.2373842536173,
    29.31648730072603,
    28.497021422212363
  ],
  "best_epoch": 99,
  "best_rmse": 28.497021422212363,
  "Label_type": "realistic_egt_based",
  "failure_flight": 464
}