{
  "train_loss": [
    57495.57378472222,
    2063.1771959198845,
    8.368252012464735,
    8.325428009033203,
    8.693816661834717,
    7.947933991750081,
    7.2982522116767035,
    7.618047449323866,
    1815.9809917873806,
    481.84140316645306,
    30.93487156762017,
    7.836226198408339,
    7.50495704015096,
    7.337286684248182,
    7.752854188283284,
    7.849825382232666,
    8.085101392534044,
    7.469038009643555,
    7.485710461934407,
    7.248270087771946,
    7.536308924357097,
    7.255245950486925,
    7.27564197116428,
    7.286231570773655,
    7.094019730885823,
    7.324560377332899,
    9.5417128139072,
    7.421133359273274,
    7.234078089396159,
    7.23602114783393,
    7.1466372807820635,
    7.764467027452257,
    7.592226982116699,
    7.79577652613322,
    7.0190103848775225,
    7.1700484487745495,
    7.626159562004937,
    7.007361782921685,
    7.966552787356907,
    7.450457731882731,
    7.189393255445692,
    7.0864308675130205,
    7.2007885509067115,
    7.538021246592204,
    7.252034293280707,
    7.9963160620795355,
    7.1966376304626465,
    6.986247115665012,
    7.471864965226915,
    8.063905980851915,
    7.038798703087701,
    6.875172932942708,
    7.31035836537679,
    7.05113951365153,
    7.240589618682861,
    7.512168248494466
  ],
  "val_loss": [
    7258.557291666667,
    6.874620119730632,
    8.193291664123535,
    6.276920636494954,
    7.027342955271403,
    6.666646321614583,
    6.813561916351318,
    30.558678150177002,
    653.194966952006,
    14.54951270421346,
    6.936142762502034,
    12.374067306518555,
    7.581435521443685,
    7.272229512532552,
    7.335415840148926,
    6.998022079467773,
    6.789278348286946,
    6.55684773127238,
    6.498020172119141,
    6.409341653188069,
    6.598141193389893,
    6.668860117594401,
    6.574843565622966,
    6.528745969136556,
    6.3736186027526855,
    6.432348251342773,
    6.535603364308675,
    6.704035600026448,
    6.633188565572103,
    6.526729742685954,
    6.453450997670491,
    6.512356599171956,
    6.55024258295695,
    6.513031641642253,
    6.504844665527344,
    6.460188547770183,
    6.448126475016276,
    6.4602735837300616,
    6.4765245119730634,
    6.519262472788493,
    6.521440188090007,
    6.497742176055908,
    6.480471611022949,
    6.481651941935222,
    6.492605845133464,
    6.485533237457275,
    6.482791423797607,
    6.469360828399658,
    6.461968580881755,
    6.461322784423828,
    6.456744035085042,
    6.445311069488525,
    6.445703506469727,
    6.442933718363444,
    6.440587520599365,
    6.440019289652507
  ],
  "val_rmse": [
    333.25270769717685,
    330.6024468520814,
    328.6120749962383,
    328.8310399955931,
    326.5961744998197,
    325.44402760561866,
    323.55153786723065,
    322.4754896209168,
    321.8178043843286,
    320.52122873987093,
    319.97835009770586,
    320.0141150858297,
    319.08012112620975,
    319.1432378259016,
    317.41708234855076,
    316.33237357709163,
    316.4655679993744,
    316.72494392479837,
    316.4947669393603,
    316.26092701807687,
    315.12191754409383,
    314.5304018658875,
    314.67313977496286,
    314.6578974821968,
    315.03390814521856,
    314.59671191198635,
    314.0122679563385,
    313.2474935055347,
    313.40185074769954,
    313.69705313539896,
    313.8658733572883,
    313.55227626014243,
    313.35081677729835,
    313.4052139403555,
    313.39137663298374,
    313.4942558285558,
    313.4813985543374,
    313.36821475834677,
    313.2461799780379,
    313.0499639800597,
    313.01754019343707,
    313.07499600734644,
    313.11256628673766,
    313.0839190450115,
    313.0193725700802,
    313.021061425319,
    313.0210198280088,
    313.0591539216936,
    313.0748296467369,
    313.0650828402139,
    313.0715211317535,
    313.1009534179831,
    313.09118663072155,
    313.0948525906327,
    313.09952283246406,
    313.09826274736287
  ],
  "best_epoch": 40,
  "best_rmse": 313.01754019343707
}